,precision,recall,f1-score,support
CW,0.8217821782178217,0.870020964360587,0.8452138492871689,477.0
GA,0.6746031746031746,0.6910569105691057,0.6827309236947791,123.0
SOM,0.7134670487106017,0.7114285714285714,0.7124463519313304,350.0
SP,0.0,0.0,0.0,30.0
accuracy,0.7642857142857142,0.7642857142857142,0.7642857142857142,0.7642857142857142
macro avg,0.5524631003828996,0.568126611589566,0.5600977812283197,980.0
weighted avg,0.7394691393212266,0.7642857142857142,0.751529727449391,980.0
